{
  "width": 256,
  "height": 256,
  "pixels": 65536,
  "mean_rgb": {
    "r": 193.43832397460938,
    "g": 192.30772399902344,
    "b": 182.0365447998047
  },
  "std_rgb": {
    "r": 58.663761138916016,
    "g": 61.15322494506836,
    "b": 68.75558471679688
  },
  "entropy_gray_bits": 6.087896997371136
}