{
  "width": 256,
  "height": 256,
  "mean_rgb": {
    "r": 193.43832397460938,
    "g": 192.30772399902344,
    "b": 182.0365447998047
  },
  "std_rgb": {
    "r": 58.66702651977539,
    "g": 61.15545654296875,
    "b": 68.75433349609375
  },
  "entropy_gray_bits": 6.087896997371136
}