{
  "width": 256,
  "height": 256,
  "mean_rgb": {
    "r": 166.27871704101562,
    "g": 153.45127868652344,
    "b": 138.15989685058594
  },
  "std_rgb": {
    "r": 76.38729095458984,
    "g": 73.18617248535156,
    "b": 75.64025115966797
  },
  "entropy_gray_bits": 6.885464648693126
}