{
  "width": 256,
  "height": 256,
  "mean_rgb": {
    "r": 204.733642578125,
    "g": 170.51271057128906,
    "b": 156.84324645996094
  },
  "std_rgb": {
    "r": 51.314491271972656,
    "g": 72.42948150634766,
    "b": 73.06581115722656
  },
  "entropy_gray_bits": 6.696299859009691
}