{
  "width": 256,
  "height": 256,
  "mean_rgb": {
    "r": 169.8260498046875,
    "g": 147.6575469970703,
    "b": 113.28607177734375
  },
  "std_rgb": {
    "r": 54.41351318359375,
    "g": 55.09828567504883,
    "b": 60.39275360107422
  },
  "entropy_gray_bits": 7.480489497334523
}